P,scottie salas,25,M
P,latasha childers,49,F
P,daryl shaffer,44,M
P,ingrid dawson,69,F
P,lou riley,31,M
P,randee felix,32,F
P,krishna neely,40,F
P,xiao foster,80,F
P,hal cooper,44,M
P,idell guy,25,F
V,hal cooper,le cafe,marocchino
P,alex leblanc,82,M
V,idell guy,uncle joe,irish
V,xiao foster,riverside cafe,marocchino
P,stephani wilkins,42,F
P,mack blair,52,M
P,melvina ellison,49,F
P,jim slaughter,40,M
P,cammy thomas,18,F
P,deneen kessler,18,F
P,ashleigh haynes,36,F
P,ira lambert,52,M
P,jinny hoskins,36,F
V,xiao foster,sweet treats,instant
P,adrien britt,60,F
P,betty hamm,20,F
V,daryl shaffer,steaming mugs,melya
V,idell guy,spectrum cafe,breve
P,hwa waters,67,F
P,rina lancaster,28,F
P,bridgette stevenson,74,F
P,anneliese goins,25,F
V,randee felix,sugar cube cafe,carajillo
P,lynne shaw,62,F
P,marci diaz,28,F
P,ed warner,57,M
P,cherie gallegos,69,F
P,frank smith,33,M
P,joe jones,72,M
P,alice kinney,37,F
P,felice dunn,50,F
P,james woodward,22,M
V,mack blair,brekky cafe,au-lait
P,antonio hernandez,48,M
P,loma lawson,74,F
P,mari mcginnis,19,F
P,ressie rangel,46,F
V,krishna neely,interact coffeehouse,folgers
P,catharine elkins,23,F
P,sadie hughes,81,F
V,mari mcginnis,the atrium,gommosa
P,cathy key,50,F
P,charles tran,53,M
P,kristian adkins,54,F
V,loma lawson,riverside cafe,marocchino
P,mario sexton,37,M
V,ashleigh haynes,the coffee lounge,indonesian
P,karissa irwin,73,F
P,fred kaufman,22,M
V,adrien britt,the barracks,galao
P,billy kidd,73,M
P,bernarda hansen,60,F
P,darlena madden,77,F
V,billy kidd,waterfront,ethiopian
V,fred kaufman,coffee crew,pocillo
P,katia deleon,49,F
P,vanesa dixon,73,F
V,catharine elkins,spectrum cafe,costa rican
P,royce atkins,52,F
V,cherie gallegos,coffee lab,doppio
P,dwana blackwell,30,F
V,sadie hughes,edge cafe,indonesian
V,adrien britt,royal coffee,ristretto
V,catharine elkins,uncle joe,gommosa
V,antonio hernandez,providence cafe,irish
P,bob smith,72,M
V,ashleigh haynes,the coffee lounge,costa rican
V,mack blair,stillwater cafe,guatemalan
V,frank smith,the barracks,viennese
P,aja donaldson,23,F
V,anneliese goins,coffeeville,columbian
V,ashleigh haynes,the antique,melya
P,lilliam thornton,18,F
P,mike sharp,34,M
P,earlean whitney,22,F
P,abigail manuel,27,F
P,maybelle thompson,58,F
V,billy kidd,kaffeinate,peruvian
P,clair horn,23,F
V,melvina ellison,tulips cafe,kona
P,love wheeler,28,F
P,karma john,45,F
V,idell guy,sweetbrew,mexican
P,isabelle curry,51,F
V,frank smith,urban,breve
P,jon lockhart,34,M
V,deneen kessler,yo yo coffee,mazagran
V,lynne shaw,sweetbrew,kona
P,vernon estes,44,M
V,antonio hernandez,coffee hut,macchiato
V,maybelle thompson,interact coffeehouse,guillermo
V,stephani wilkins,espresso joe,irish
V,jim slaughter,basket & green,costa rican
P,minda farmer,42,F
V,catharine elkins,honest coffeehouse,shakerato
P,whitley hardy,54,F
V,karissa irwin,cafe bellissimo,costa rican
V,deneen kessler,aroma coffee,kona
V,stephani wilkins,kings cafe,columbian
V,bridgette stevenson,the brim,ethiopian
V,darlena madden,spectrum cafe,melya
V,jinny hoskins,cocobean,galao
V,fred kaufman,coffee crew,medici
P,kimber goodman,28,F
P,lenita akers,44,F
V,katia deleon,cafe thirteen,guatemalan
V,jinny hoskins,cafe plus,kona
V,james woodward,cafe culture,doppio
V,kimber goodman,the boardwalk,au-lait
V,mike sharp,brekky cafe,galao
V,jinny hoskins,honest coffeehouse,au-lait
P,fred gates,39,M
V,billy kidd,brekky cafe,gommosa
V,earlean whitney,cafe latte,cappuccino
V,alice kinney,cafe culture,irish
V,alice kinney,cafe java,espresso
V,hwa waters,the jam jar,frappuccino
V,deneen kessler,the daily grind,melya
P,corey hammond,56,M
V,love wheeler,eight acres cafe,palazzo
P,renna beasley,35,F
V,betty hamm,the daily grind,irish
V,ressie rangel,cocoa coffee,americano
V,lynne shaw,the atrium,breve
V,lou riley,spectrum cafe,doppio
P,keith whitley,70,M
V,anneliese goins,sweetbrew,rudesheimer
V,lenita akers,interact coffeehouse,instant
V,jon lockhart,providence cafe,columbian
V,renna beasley,spoonful cafe,marocchino
V,billy kidd,brekky cafe,au-lait
P,charles larson,72,M
P,amy craft,46,F
P,edith ross,69,F
P,kit carson,53,M
P,joe schneider,27,M
V,rina lancaster,coffee lab,affogato
V,aja donaldson,flamenco,irish
V,love wheeler,myriad,carajillo
P,lane beck,22,M
V,earlean whitney,coffee 101,breve
V,hal cooper,yo yo coffee,doppio
V,rina lancaster,basin cafe,cubano
V,latasha childers,the village cafe,costa rican
V,latasha childers,temptations,canned
V,cherie gallegos,myriad,gommosa
V,jim slaughter,tulips cafe,kona
V,alice kinney,the jam jar,marocchino
V,isabelle curry,myriad,palazzo
P,dung reeves,25,M
P,melisa rucker,41,F
V,mack blair,7 monks cafe,marocchino
V,maybelle thompson,cafe java,melya
V,antonio hernandez,cocoa coffee,venezuelan
V,kristian adkins,globe,palazzo
V,earlean whitney,95 degrees,doppio
V,keith whitley,waterfront,sumatran
V,amy craft,cafe bellissimo,breve
V,felice dunn,coffee break cafe,mocha
V,royce atkins,coffee crew,pocillo
P,kathryne cherry,33,F
V,amy craft,cafe latte,iced
V,jim slaughter,honest coffeehouse,au-lait
P,zaida haley,49,F
P,clarisa casey,61,F
V,darlena madden,the cs457 cafe,shakerato
V,jinny hoskins,cafe mode,shakerato
V,antonio hernandez,the jam jar,guillermo
V,billy kidd,basket & green,galao
V,zaida haley,coffee crew,medici
V,latasha childers,steaming mugs,shakerato
V,lynne shaw,the barracks,guatemalan
V,stephani wilkins,brekky cafe,au-lait
V,mike sharp,royal coffee,botz
V,corey hammond,cafe arabica,breve
V,keith whitley,brekky cafe,mexican
V,cammy thomas,town & country coffee,carajillo
P,george jetson,77,M
P,aisha carlson,75,F
V,alex leblanc,express-o coffee,rudesheimer
V,jinny hoskins,the antique,instant
V,marci diaz,coffee 101,guillermo
V,kathryne cherry,honest coffeehouse,au-lait
V,krishna neely,hillside,decaffeinated
V,cherie gallegos,the cs457 cafe,mocha
V,minda farmer,eight acres cafe,zorro
V,kathryne cherry,eight acres cafe,peruvian
V,bob smith,cafe plus,botz
V,charles larson,the coffee lounge,bombon
V,jim slaughter,coffee lab,zorro
V,aisha carlson,coffee central,zorro
P,meridith cochran,61,F
P,dorinda macdonald,22,F
V,idell guy,sweet treats,viennese
V,lou riley,cafe latte,irish
V,hal cooper,aroma coffee,marocchino
V,stephani wilkins,cafe java,gommosa
P,vernice mason,26,F
V,mario sexton,providence cafe,columbian
V,marci diaz,zone cafe,frappuccino
V,katia deleon,aroma coffee,latte
V,loma lawson,zone cafe,pocillo
V,dung reeves,yo yo coffee,carajillo
V,bob smith,riverside cafe,macchiato
V,maybelle thompson,coffee lab,palazzo
V,jim slaughter,cafe arabica,macchiato
V,keith whitley,steaming mugs,shakerato
V,george jetson,the barracks,doppio
V,dung reeves,coffee lab,mocha frappuccino
V,hal cooper,cocoa coffee,costa rican
P,catrice kelly,55,F
V,earlean whitney,bits and bites,guillermo
V,idell guy,the coffee lounge,bombon
V,lilliam thornton,parisian cafe,carajillo
V,melvina ellison,parisian cafe,nicaraguan
V,aja donaldson,riverside cafe,breve
V,clarisa casey,coffee crew,ethiopian
V,bernarda hansen,zest,carajillo
V,dung reeves,spectrum cafe,breve
V,james woodward,cocobean,viennese
V,adrien britt,uncle joe,gommosa
V,hwa waters,star cafe and coffee,cubano
V,minda farmer,cosy coffee,marocchino
V,edith ross,the coffee lounge,pocillo
V,abigail manuel,the coffee lounge,costa rican
V,lynne shaw,yummies coffee shop,affogato
V,felice dunn,uncle joe,columbian
V,alice kinney,kings cafe,indonesian
V,xiao foster,the barracks,doppio
V,melvina ellison,the atrium,gommosa
V,ira lambert,cafe mode,viennese
V,aja donaldson,the coffee grinder,ethiopian
V,royce atkins,eight acres cafe,breve
P,gena christopher,73,F
V,lenita akers,hillside,marocchino
V,catrice kelly,7 monks cafe,marocchino
V,vernon estes,myriad,gommosa
V,xiao foster,steaming mugs,melya
V,jim slaughter,sweetbrew,latte
V,charles tran,honest coffeehouse,shakerato
V,fred kaufman,honest coffeehouse,marocchino
V,catrice kelly,espresso joe,medici
V,sadie hughes,uncle joe,rudesheimer
V,fred gates,flip cafe,folgers
V,abigail manuel,coffee shot,guillermo
V,adrien britt,coffee central,americano
P,hattie calderon,52,F
P,theressa erickson,43,F
V,betty hamm,coffee crew,medici
V,amy craft,cafe latte,irish
V,joe jones,waterfront,affogato
V,charles tran,95 degrees,doppio
V,bridgette stevenson,sweetbrew,mazagran
V,billy kidd,flamenco,affogato
V,aja donaldson,cafe culture,pocillo
V,jinny hoskins,flip cafe,ethiopian
V,ressie rangel,brekky cafe,au-lait
V,theressa erickson,coffee and cake,galao
V,melvina ellison,express-o coffee,palazzo
V,gena christopher,providence cafe,columbian
V,aja donaldson,coffee 101,affogato
V,lenita akers,coffee break cafe,mazagran
V,jon lockhart,coffee break cafe,espresso
V,krishna neely,kaffeinate,cubano
P,ronnie puckett,61,M
V,theressa erickson,spectrum cafe,doppio
V,mari mcginnis,fresh,latte
V,kristian adkins,country lane cafe,carajillo
V,bernarda hansen,dream bean cafe,melya
V,xiao foster,zone cafe,kona
V,alex leblanc,cafe arabica,columbian
V,kit carson,zone cafe,guatemalan
V,latasha childers,kings cafe,indonesian
V,love wheeler,the boardwalk,mocha frappuccino
V,kathryne cherry,coffee 101,galao
V,karissa irwin,the cube,instant
V,cammy thomas,epic cafe,bombon
V,anneliese goins,the boardwalk,botz
V,felice dunn,the boardwalk,cortado
V,antonio hernandez,royal coffee,decaffeinated
V,xiao foster,temptations,rudesheimer
V,theressa erickson,eastside cafe,espresso
V,amy craft,cafe mode,medici
V,karma john,coffee lab,mocha frappuccino
V,meridith cochran,the coffee grinder,decaffeinated
V,lenita akers,the boardwalk,mocha frappuccino
V,clarisa casey,le cafe,affogato
V,edith ross,cocoa coffee,venezuelan
V,meridith cochran,the busy bean,medici
V,krishna neely,edge cafe,latte
V,idell guy,cocobean,guillermo
V,vanesa dixon,town & country coffee,carajillo
V,betty hamm,cafe java,ristretto
V,maybelle thompson,the village cafe,carajillo
V,karma john,kings cafe,indonesian
V,katia deleon,eight acres cafe,kona
P,dallas sloan,23,M
V,darlena madden,yummies coffee shop,affogato
V,clair horn,the lab,kona
V,zaida haley,spectrum cafe,doppio
V,jim slaughter,coffee hut,galao
V,bernarda hansen,sweet treats,instant
V,aisha carlson,express-o coffee,canned
V,aja donaldson,bits and bites,touba
V,betty hamm,express-o coffee,rudesheimer
V,loma lawson,capital coffee,rudesheimer
V,clarisa casey,express-o coffee,doppio
V,katia deleon,coffee lab,pharisaer
V,xiao foster,the boardwalk,botz
V,randee felix,the jam jar,marocchino
V,earlean whitney,urban,americano
V,catharine elkins,urban,shakerato
V,sadie hughes,sweetbrew,rudesheimer
V,meridith cochran,tulips cafe,ethiopian
V,ashleigh haynes,the lab,macchiato
V,kimber goodman,the village cafe,carajillo
V,loma lawson,cocoa coffee,carajillo
V,ronnie puckett,cafe java,decaffeinated
V,kathryne cherry,country lane cafe,carajillo
V,krishna neely,yummies coffee shop,sumatran
V,karissa irwin,honest coffeehouse,espresso
V,darlena madden,sweetbrew,latte
V,meridith cochran,basin cafe,cubano
V,edith ross,sweet treats,instant
V,kristian adkins,yummies coffee shop,costa rican
V,stephani wilkins,providence cafe,doppio
V,joe schneider,the barracks,guatemalan
V,scottie salas,sugar cube cafe,venezuelan
V,felice dunn,hillside,marocchino
V,dwana blackwell,the barracks,galao
V,kimber goodman,the lab,macchiato
V,vanesa dixon,coffee lab,affogato
V,james woodward,sweetbrew,mazagran
V,renna beasley,the coffee grinder,touba
V,mari mcginnis,cafe mode,marocchino
V,james woodward,the lab,kona
V,idell guy,coffee crew,breve
V,kit carson,riverside cafe,medici
V,dorinda macdonald,cafe plus,cortado
V,joe schneider,aroma coffee,cubano
V,isabelle curry,the cs457 cafe,nicaraguan
V,latasha childers,the village cafe,carajillo
V,vernon estes,parisian cafe,carajillo
V,hattie calderon,coffee central,peruvian
V,darlena madden,coffee 101,affogato
V,abigail manuel,sweet treats,viennese
V,fred gates,uncle joe,rudesheimer
V,dorinda macdonald,uncle joe,affogato
V,krishna neely,the cube,mocha
V,kathryne cherry,bits and bites,melya
V,alice kinney,cafe plus,kona
V,kristian adkins,cafe plus,au-lait
V,frank smith,flamenco,affogato
V,billy kidd,country lane cafe,macchiato
V,earlean whitney,eight acres cafe,zorro
V,jon lockhart,the village cafe,instant
V,lilliam thornton,steaming mugs,ristretto
V,kathryne cherry,cocoa coffee,venezuelan
V,daryl shaffer,coffee central,zorro
V,kathryne cherry,edge cafe,medici
V,lenita akers,coffee crew,medici
V,kathryne cherry,cosy coffee,marocchino
V,melisa rucker,waterfront,guillermo
V,joe schneider,epic cafe,bombon
V,vanesa dixon,the daily grind,ethiopian
V,ingrid dawson,coffee central,breve
V,ingrid dawson,cocoa coffee,breve
V,whitley hardy,the coffee grinder,mexican
V,clair horn,cinammon cafe,cappuccino
V,joe schneider,coffee republic,cortado
V,lou riley,the cs457 cafe,decaffeinated
V,marci diaz,interact coffeehouse,guillermo
V,lane beck,tulips cafe,ethiopian
V,melisa rucker,brekky cafe,gommosa
V,amy craft,urban,mocha frappuccino
V,melisa rucker,honest coffeehouse,shakerato
V,clarisa casey,the coffee lounge,pocillo
V,dorinda macdonald,coffeeville,medici
V,jim slaughter,streets cafe,macchiato
V,melvina ellison,the atrium,gommosa
V,earlean whitney,the barracks,marocchino
V,kathryne cherry,the coffee grinder,decaffeinated
V,marci diaz,the antique,peruvian
V,cammy thomas,the cube,instant
V,vernice mason,aroma coffee,cappuccino
V,meridith cochran,spoonful cafe,cortado
P,chasity sims,43,F
V,jim slaughter,flip cafe,au-lait
V,zaida haley,brekky cafe,costa rican
V,joe jones,providence cafe,doppio
V,joe jones,cafe culture,gommosa
V,antonio hernandez,honest coffeehouse,doppio
V,sadie hughes,coffee 101,frappuccino
V,katia deleon,cafe italia,ristretto
V,lou riley,bits and bites,mazagran
V,dallas sloan,95 degrees,pocillo
V,cherie gallegos,brekky cafe,costa rican
V,antonio hernandez,flamenco,irish
V,melisa rucker,hillside,mocha
V,melvina ellison,edge cafe,rudesheimer
V,clair horn,coffee crew,medici
V,karma john,brekky cafe,galao
V,keith whitley,eight acres cafe,breve
V,vanesa dixon,the antique,affogato
V,rina lancaster,coffee crew,breve
V,hal cooper,le cafe,espresso
V,abigail manuel,eight acres cafe,breve
V,ingrid dawson,95 degrees,ethiopian
V,stephani wilkins,the jam jar,frappuccino
V,dorinda macdonald,uncle joe,gommosa
V,cherie gallegos,spectrum cafe,melya
P,iola murphy,52,F
V,mack blair,zone cafe,kona
V,royce atkins,providence cafe,doppio
V,earlean whitney,flip cafe,au-lait
V,dung reeves,the coffee lounge,irish
V,clarisa casey,the jam jar,viennese
V,jinny hoskins,coffee crew,ethiopian
V,earlean whitney,flamenco,irish
V,joe jones,aroma coffee,cappuccino
V,charles larson,the village cafe,columbian
V,renna beasley,coffee break cafe,touba
V,renna beasley,honest coffeehouse,marocchino
V,kit carson,the jam jar,breve
V,cherie gallegos,interact coffeehouse,instant
V,darlena madden,cafe 2.0,guatemalan
V,clair horn,old cafe,zorro
V,hal cooper,the coffee lounge,pocillo
V,hwa waters,waffle on,cappuccino
V,catrice kelly,edge cafe,rudesheimer
V,dallas sloan,brekky cafe,galao
V,ashleigh haynes,the cs457 cafe,nicaraguan
V,zaida haley,the cube,cortado
V,fred gates,cocoa coffee,americano
V,fred gates,country lane cafe,carajillo
V,mari mcginnis,essence cafe,mocha frappuccino
V,jinny hoskins,zest,pocillo
V,catrice kelly,edge cafe,latte
V,felice dunn,coffee crew,medici
V,minda farmer,cafe arabica,columbian
V,fred gates,7 monks cafe,nicaraguan
V,clarisa casey,flamenco,affogato
V,maybelle thompson,cocobean,galao
V,james woodward,edge cafe,medici
V,kit carson,coffeeville,columbian
V,ronnie puckett,parisian cafe,zorro
V,ed warner,sweet treats,carajillo
V,lynne shaw,honest coffeehouse,shakerato
V,rina lancaster,cocoa coffee,breve
V,rina lancaster,the coffee lounge,americano
V,ingrid dawson,the hideout,instant
V,mack blair,cafe java,melya
V,katia deleon,cafe arabica,columbian
V,ed warner,the antique,peruvian
V,deneen kessler,hillside,mocha
V,lynne shaw,coffee and cake,guatemalan
V,clair horn,eastside cafe,zorro
V,theressa erickson,the coffee lounge,indonesian
V,clarisa casey,hillside,canned
V,kathryne cherry,the cs457 cafe,shakerato
V,dwana blackwell,country lane cafe,macchiato
V,marci diaz,royal coffee,breve
V,edith ross,coffee 101,galao
V,karma john,royal coffee,cortado
V,felice dunn,flamenco,iced
V,catharine elkins,cafe plus,cortado
V,charles larson,sweetbrew,affogato
V,lilliam thornton,edge cafe,mexican
V,corey hammond,cafe bellissimo,costa rican
V,lou riley,spectrum cafe,melya
V,charles tran,cafe 2.0,guatemalan
V,frank smith,bits and bites,mazagran
V,abigail manuel,basin cafe,ristretto
V,lou riley,waterfront,breve
V,mack blair,coffee crew,pocillo
V,ingrid dawson,interact coffeehouse,guillermo
V,stephani wilkins,country lane cafe,irish
V,billy kidd,epic cafe,ristretto
V,earlean whitney,inside cafe,sumatran
V,betty hamm,express-o coffee,canned
V,marci diaz,the hideout,touba
V,krishna neely,the coffee lounge,indonesian
V,james woodward,providence cafe,irish
V,earlean whitney,coffee and cake,galao
V,dung reeves,interact coffeehouse,affogato
V,royce atkins,tulips cafe,melya
V,hwa waters,the lab,folgers
V,chasity sims,the hideout,rudesheimer
V,xiao foster,sweetbrew,affogato
V,ira lambert,waterfront,affogato
V,jon lockhart,express-o coffee,guatemalan
V,lynne shaw,brekky cafe,mexican
V,mack blair,coffeeville,gommosa
V,cathy key,7 monks cafe,marocchino
V,dallas sloan,dream bean cafe,indonesian
V,ingrid dawson,bean and gone,latte
V,stephani wilkins,cafe latte,latte
V,clair horn,cosy coffee,macchiato
V,melvina ellison,flamenco,peruvian
V,kristian adkins,yummies coffee shop,bombon
V,theressa erickson,cafe java,decaffeinated
V,mario sexton,royal coffee,espresso
V,ashleigh haynes,royal coffee,breve
V,aisha carlson,coffee crew,mexican
V,sadie hughes,bean and gone,frappuccino
V,charles larson,spectrum cafe,venezuelan
V,alice kinney,the barracks,viennese
V,loma lawson,steaming mugs,cappuccino
V,hattie calderon,interact coffeehouse,ristretto
V,vanesa dixon,zone cafe,touba
V,jim slaughter,flip cafe,espresso
V,bob smith,royal coffee,decaffeinated
V,mack blair,brekky cafe,galao
V,melvina ellison,zest,espresso
V,vernice mason,providence cafe,columbian
V,kristian adkins,basin cafe,kona
V,fred gates,coffee shot,carajillo
V,charles larson,myriad,canned
V,kit carson,the barracks,viennese
V,cherie gallegos,the daily grind,irish
V,lynne shaw,cafe mode,medici
V,gena christopher,zone cafe,frappuccino
V,scottie salas,7 monks cafe,costa rican
V,vanesa dixon,yo yo coffee,mazagran
V,mario sexton,coffee lab,palazzo
V,clarisa casey,coffee crew,pocillo
V,xiao foster,cocoa coffee,americano
V,aisha carlson,flip cafe,au-lait
V,ira lambert,honest coffeehouse,espresso
V,frank smith,sweetbrew,affogato
V,clarisa casey,myriad,carajillo
V,kristian adkins,basin cafe,touba
V,george jetson,the coffee grinder,breve
V,daryl shaffer,basket & green,touba
V,hwa waters,express-o coffee,guatemalan
V,xiao foster,express-o coffee,irish
V,mike sharp,cafe java,pharisaer
V,karma john,coffeeville,columbian
V,jon lockhart,the boardwalk,cubano
V,xiao foster,epic cafe,ristretto
V,krishna neely,dream bean cafe,indonesian
V,kit carson,the coffee lounge,costa rican
V,maybelle thompson,kaffeinate,cubano
V,dwana blackwell,dream bean cafe,indonesian
V,cammy thomas,kaffeinate,peruvian
V,clair horn,espresso joe,canned
V,whitley hardy,star cafe and coffee,cubano
V,corey hammond,coffeeville,medici
V,aisha carlson,the brim,ethiopian
V,anneliese goins,the boardwalk,botz
V,chasity sims,riverside cafe,cappuccino
V,bob smith,bits and bites,touba
V,kristian adkins,waterfront,affogato
V,hattie calderon,95 degrees,americano
V,cathy key,town & country coffee,cortado
V,ed warner,myriad,gommosa
V,fred kaufman,myriad,rudesheimer
V,daryl shaffer,the antique,pocillo
V,kit carson,interact coffeehouse,folgers
V,marci diaz,the village cafe,costa rican
V,theressa erickson,edge cafe,rudesheimer
V,james woodward,the jam jar,doppio
V,randee felix,the barracks,shakerato
V,amy craft,coffee and cake,espresso
V,aisha carlson,sweetbrew,mexican
V,cammy thomas,bean and gone,melya
V,jim slaughter,the coffee grinder,breve
V,scottie salas,myriad,latte
V,theressa erickson,the brim,ethiopian
V,ronnie puckett,parisian cafe,mazagran
V,lilliam thornton,royal coffee,sumatran
V,whitley hardy,basin cafe,touba
V,daryl shaffer,the busy bean,medici
V,renna beasley,edge cafe,latte
V,love wheeler,the lab,macchiato
V,keith whitley,yummies coffee shop,cappuccino
V,darlena madden,the coffee grinder,gommosa
V,kimber goodman,waterfront,guatemalan
V,kathryne cherry,espresso joe,irish
V,lilliam thornton,bits and bites,folgers
V,krishna neely,express-o coffee,irish
V,hattie calderon,royal coffee,decaffeinated
V,idell guy,coffee hut,pocillo
V,sadie hughes,essence cafe,mocha frappuccino
V,abigail manuel,waterfront,instant
V,hwa waters,cafe java,ristretto
V,lenita akers,yummies coffee shop,cappuccino
V,billy kidd,coffee lab,mocha frappuccino
V,ressie rangel,zone cafe,frappuccino
V,dorinda macdonald,stillwater cafe,mocha frappuccino
V,sadie hughes,waffle on,costa rican
V,ronnie puckett,essence cafe,mocha frappuccino
V,dorinda macdonald,royal coffee,cortado
V,mari mcginnis,express-o coffee,botz
P,angelo knapp,70,F
V,ingrid dawson,cosy coffee,marocchino
V,love wheeler,coffee hut,macchiato
V,alex leblanc,95 degrees,doppio
V,karissa irwin,eight acres cafe,zorro
V,vernice mason,the brim,antoccino
V,royce atkins,country lane cafe,carajillo
V,hwa waters,cafe arabica,galao
V,kathryne cherry,coffee lab,affogato
V,george jetson,the coffee lounge,pocillo
V,charles tran,the cs457 cafe,mocha
V,jinny hoskins,the coffee grinder,breve
V,alice kinney,cafe 2.0,folgers
V,ronnie puckett,eight acres cafe,zorro
V,rina lancaster,coffee central,americano
V,marci diaz,riverside cafe,americano
V,cherie gallegos,uncle joe,irish
V,jim slaughter,cafe plus,mazagran
V,stephani wilkins,uncle joe,rudesheimer
V,scottie salas,coffee central,peruvian
V,lane beck,waffle on,costa rican
V,mario sexton,yo yo coffee,mazagran
V,kathryne cherry,honest coffeehouse,marocchino
V,jim slaughter,the hideout,instant
V,isabelle curry,globe,palazzo
V,minda farmer,the coffee lounge,indonesian
V,cammy thomas,the hideout,au-lait
V,catharine elkins,the coffee grinder,ethiopian
V,meridith cochran,basin cafe,mocha
V,hal cooper,le cafe,ethiopian
V,kristian adkins,cosy coffee,macchiato
V,latasha childers,spectrum cafe,ethiopian
V,catrice kelly,basin cafe,touba
V,aja donaldson,cafe arabica,columbian
V,earlean whitney,cafe java,ristretto
V,keith whitley,myriad,au-lait
V,lenita akers,coffee and cake,galao
V,lane beck,the coffee grinder,ethiopian
V,gena christopher,eight acres cafe,canned
V,randee felix,coffee and cake,espresso
V,keith whitley,interact coffeehouse,indonesian
V,ronnie puckett,yummies coffee shop,cappuccino
V,vernice mason,the antique,peruvian
V,frank smith,royal coffee,cortado
V,lou riley,coffee crew,mexican
V,cathy key,stillwater cafe,guatemalan
V,dung reeves,espresso joe,zorro
V,lilliam thornton,sugar cube cafe,carajillo
V,charles larson,coffee hut,pocillo
V,royce atkins,the boardwalk,kona
V,antonio hernandez,cafe java,ristretto
V,daryl shaffer,the antique,pharisaer
V,alex leblanc,basin cafe,touba
V,dallas sloan,myriad,mazagran
V,kit carson,coffee lab,doppio
V,dallas sloan,coffee crew,pocillo
V,aisha carlson,cafe mode,melya
V,sadie hughes,the hideout,au-lait
V,isabelle curry,eight acres cafe,mocha
V,alice kinney,the antique,nicaraguan
V,hwa waters,fresh,costa rican
V,renna beasley,le cafe,ethiopian
V,jinny hoskins,parisian cafe,nicaraguan
V,joe jones,cafe arabica,breve
V,zaida haley,brekky cafe,costa rican
V,minda farmer,cafe 2.0,bombon
V,bob smith,yummies coffee shop,decaffeinated
V,lou riley,cosy coffee,macchiato
V,loma lawson,sweetbrew,kona
V,betty hamm,basin cafe,kona
V,xiao foster,edge cafe,mexican
V,kathryne cherry,yummies coffee shop,espresso
V,anneliese goins,the coffee grinder,gommosa
V,amy craft,steaming mugs,cappuccino
V,xiao foster,cafe arabica,shakerato
V,krishna neely,cocobean,galao
V,dwana blackwell,brekky cafe,galao
V,idell guy,coffee crew,breve
V,royce atkins,cafe mode,shakerato
V,jim slaughter,cafe arabica,melya
V,kimber goodman,the jam jar,guillermo
V,cherie gallegos,the coffee lounge,botz
V,kathryne cherry,the coffee grinder,touba
V,hal cooper,the jam jar,frappuccino
V,royce atkins,sugar cube cafe,venezuelan
V,anneliese goins,the village cafe,guatemalan
V,karma john,cafe latte,botz
V,aisha carlson,country lane cafe,macchiato
V,ira lambert,parisian cafe,carajillo
V,kristian adkins,the cube,instant
V,kimber goodman,yummies coffee shop,affogato
V,kimber goodman,honest coffeehouse,au-lait
V,maybelle thompson,waffle on,costa rican
V,anneliese goins,cafe java,instant
V,xiao foster,waterfront,breve
V,royce atkins,the brim,antoccino
V,james woodward,the parlour,mocha
V,aja donaldson,yummies coffee shop,instant
V,daryl shaffer,fresh,mocha frappuccino
V,krishna neely,le cafe,ethiopian
V,bob smith,le cafe,affogato
V,george jetson,interact coffeehouse,indonesian
V,ingrid dawson,cocoa coffee,carajillo
V,alice kinney,cafe java,columbian
V,catrice kelly,cocobean,viennese
V,fred kaufman,cafe culture,gommosa
V,ronnie puckett,sweet treats,peruvian
V,vanesa dixon,7 monks cafe,cortado
V,hattie calderon,interact coffeehouse,instant
V,minda farmer,sweet treats,instant
V,ed warner,eight acres cafe,breve
V,melisa rucker,7 monks cafe,guatemalan
V,catrice kelly,stillwater cafe,guatemalan
V,antonio hernandez,riverside cafe,touba
V,adrien britt,spoonful cafe,cortado
V,joe schneider,urban,shakerato
V,marci diaz,cafe 2.0,guatemalan
V,mari mcginnis,cafe arabica,macchiato
V,kit carson,coffee 101,guillermo
V,earlean whitney,beans and cream,venezuelan
V,melvina ellison,cafe plus,botz
V,lynne shaw,the coffee lounge,botz
V,mari mcginnis,cafe plus,kona
V,cherie gallegos,coffeeville,sumatran
V,katia deleon,the antique,breve
V,zaida haley,the busy bean,carajillo
V,katia deleon,cafe 2.0,folgers
V,karma john,yo yo coffee,costa rican
V,ronnie puckett,express-o coffee,guatemalan
V,theressa erickson,the brim,ethiopian
V,zaida haley,flamenco,kona
V,krishna neely,honest coffeehouse,palazzo
V,joe jones,cocobean,galao
V,royce atkins,coffee central,mocha
V,mari mcginnis,the busy bean,medici
V,dallas sloan,streets cafe,macchiato
V,chasity sims,cafe plus,kona
V,frank smith,steaming mugs,peruvian
V,aisha carlson,cafe culture,irish
V,joe schneider,the lab,kona
V,joe schneider,the boardwalk,botz
V,xiao foster,bean and gone,latte
V,karissa irwin,cocoa coffee,carajillo
V,cherie gallegos,7 monks cafe,cortado
V,vernice mason,spectrum cafe,costa rican
V,catharine elkins,sweet treats,mocha
V,vanesa dixon,dream bean cafe,mocha
V,hal cooper,stillwater cafe,guatemalan
V,fred kaufman,the cs457 cafe,medici
V,fred gates,bean and gone,columbian
V,karma john,the hideout,antoccino
V,felice dunn,basin cafe,frappuccino
V,george jetson,the busy bean,carajillo
V,ira lambert,honest coffeehouse,au-lait
V,bob smith,coffee 101,rudesheimer
V,stephani wilkins,sweetbrew,kona
V,angelo knapp,flip cafe,folgers
V,deneen kessler,myriad,latte
V,hwa waters,zest,espresso
V,marci diaz,zone cafe,frappuccino
V,krishna neely,the hideout,au-lait
V,dallas sloan,coffee central,peruvian
V,hwa waters,the village cafe,instant
V,keith whitley,cafe latte,peruvian
V,ed warner,basin cafe,touba
V,alice kinney,cafe java,ristretto
V,angelo knapp,the hideout,irish
V,hwa waters,spectrum cafe,breve
V,edith ross,sugar cube cafe,venezuelan
V,stephani wilkins,coffee hut,ristretto
V,ashleigh haynes,zest,indonesian
V,corey hammond,7 monks cafe,nicaraguan
V,ingrid dawson,uncle joe,mocha frappuccino
V,amy craft,aroma coffee,marocchino
V,mari mcginnis,the hideout,touba
V,lenita akers,7 monks cafe,breve
V,sadie hughes,providence cafe,frappuccino
V,xiao foster,epic cafe,peruvian
V,hal cooper,bean and gone,espresso
V,kit carson,edge cafe,touba
V,antonio hernandez,royal coffee,breve
V,mack blair,fresh,antoccino
V,clarisa casey,cafe culture,gommosa
V,ashleigh haynes,cafe 2.0,folgers
V,gena christopher,cinammon cafe,cappuccino
V,george jetson,fresh,antoccino
V,mario sexton,espresso joe,mocha frappuccino
V,james woodward,cocobean,galao
V,lilliam thornton,waterfront,ethiopian
V,fred gates,yummies coffee shop,cappuccino
V,adrien britt,express-o coffee,canned
V,royce atkins,coffeeville,columbian
V,cammy thomas,honest coffeehouse,espresso
V,mario sexton,riverside cafe,marocchino
V,cherie gallegos,cafe java,decaffeinated
V,ingrid dawson,cafe culture,gommosa
V,theressa erickson,honest coffeehouse,doppio
V,lou riley,coffee 101,mocha
V,jim slaughter,basket & green,galao
V,minda farmer,sweet treats,viennese
V,karma john,express-o coffee,palazzo
V,lenita akers,coffee and cake,guatemalan
V,renna beasley,tulips cafe,ethiopian
V,lane beck,tulips cafe,melya
V,kristian adkins,the antique,peruvian
V,iola murphy,7 monks cafe,kona
V,mack blair,coffeeville,medici
V,vernice mason,coffee 101,galao
V,alex leblanc,the barracks,marocchino
V,vernon estes,7 monks cafe,costa rican
V,george jetson,the barracks,galao
V,katia deleon,parisian cafe,carajillo
V,clair horn,coffeeville,sumatran
V,angelo knapp,dream bean cafe,melya
V,darlena madden,temptations,canned
V,earlean whitney,bits and bites,folgers
V,angelo knapp,interact coffeehouse,indonesian
V,keith whitley,cafe plus,mazagran
V,hal cooper,7 monks cafe,kona
V,mike sharp,cafe arabica,galao
V,ingrid dawson,cafe 2.0,kona
V,ingrid dawson,interact coffeehouse,ristretto
V,gena christopher,steaming mugs,macchiato
V,renna beasley,myriad,carajillo
V,corey hammond,the coffee grinder,ethiopian
V,corey hammond,cafe plus,decaffeinated
V,aja donaldson,yummies coffee shop,cappuccino
V,vernon estes,yummies coffee shop,bombon
V,cathy key,star cafe and coffee,cubano
V,fred kaufman,the cube,mocha
V,sadie hughes,flamenco,peruvian
V,ressie rangel,town & country coffee,carajillo
V,aja donaldson,the daily grind,melya
V,jon lockhart,coffee break cafe,mexican
V,fred kaufman,the barracks,galao
V,vernon estes,parisian cafe,mexican
V,cherie gallegos,providence cafe,columbian
V,ronnie puckett,town & country coffee,carajillo
V,daryl shaffer,the lab,cubano
V,randee felix,express-o coffee,irish
V,antonio hernandez,uncle joe,gommosa
V,lilliam thornton,7 monks cafe,kona
V,adrien britt,the antique,peruvian
V,betty hamm,cafe arabica,columbian
V,dallas sloan,sugar cube cafe,venezuelan
V,ingrid dawson,coffee lab,doppio
V,joe schneider,beans and cream,gommosa
V,betty hamm,cocobean,viennese
V,anneliese goins,basket & green,galao
V,betty hamm,bits and bites,kona
V,adrien britt,cafe mode,viennese
V,anneliese goins,bits and bites,melya
V,mike sharp,kaffeinate,cubano
V,scottie salas,coffee break cafe,antoccino
V,charles larson,yummies coffee shop,costa rican
V,karma john,the barracks,guatemalan
V,ingrid dawson,coffee 101,rudesheimer
V,daryl shaffer,the village cafe,carajillo
V,felice dunn,zest,espresso
V,bob smith,sweetbrew,kona
V,bob smith,the barracks,galao
V,stephani wilkins,streets cafe,carajillo
V,george jetson,coffee break cafe,nicaraguan
V,vanesa dixon,uncle joe,bombon
V,lilliam thornton,the daily grind,affogato
V,vanesa dixon,zest,indonesian
V,joe jones,yummies coffee shop,bombon
V,love wheeler,country lane cafe,carajillo
V,renna beasley,sweetbrew,mazagran
V,ira lambert,the busy bean,medici
V,jim slaughter,dream bean cafe,melya
V,catrice kelly,the cs457 cafe,mocha
V,mari mcginnis,cafe latte,botz
V,frank smith,temptations,rudesheimer
V,katia deleon,cafe culture,mocha frappuccino
V,darlena madden,aroma coffee,kona
V,jinny hoskins,coffee crew,ristretto
V,dung reeves,country lane cafe,macchiato
V,cammy thomas,cafe bellissimo,breve
V,lilliam thornton,espresso joe,canned
V,joe jones,the antique,peruvian
V,renna beasley,cafe thirteen,botz
V,karissa irwin,coffeeville,sumatran
V,meridith cochran,the cs457 cafe,medici
V,karissa irwin,royal coffee,sumatran
V,george jetson,the antique,pharisaer
V,latasha childers,the lab,macchiato
V,billy kidd,eight acres cafe,palazzo
V,randee felix,royal coffee,cortado
V,clair horn,urban,irish
V,antonio hernandez,dream bean cafe,rudesheimer
V,joe schneider,coffeeville,columbian
V,melvina ellison,waterfront,affogato
V,loma lawson,streets cafe,antoccino
V,billy kidd,coffee 101,mocha
V,idell guy,yummies coffee shop,cappuccino
V,keith whitley,interact coffeehouse,venezuelan
V,meridith cochran,cafe arabica,galao
V,dwana blackwell,brekky cafe,costa rican
V,love wheeler,express-o coffee,guatemalan
V,cathy key,express-o coffee,canned
V,jim slaughter,tulips cafe,guatemalan
V,ressie rangel,sweetbrew,latte
V,meridith cochran,coffeeville,medici
V,mari mcginnis,steaming mugs,cappuccino
V,bridgette stevenson,the boardwalk,mocha frappuccino
V,james woodward,zest,indonesian
V,alex leblanc,cosy coffee,macchiato
V,ira lambert,coffee break cafe,touba
V,meridith cochran,cafe culture,pocillo
V,chasity sims,honest coffeehouse,shakerato
V,katia deleon,the cs457 cafe,medici
V,antonio hernandez,capital coffee,rudesheimer
V,joe schneider,royal coffee,decaffeinated
V,deneen kessler,7 monks cafe,nicaraguan
V,ingrid dawson,cafe thirteen,marocchino
V,clarisa casey,epic cafe,peruvian
V,ira lambert,the hideout,rudesheimer
V,hattie calderon,waffle on,medici
V,aja donaldson,basin cafe,frappuccino
V,aisha carlson,flamenco,kona
V,love wheeler,urban,americano
V,love wheeler,waterfront,instant
V,bridgette stevenson,cafe plus,kona
V,jon lockhart,uncle joe,gommosa
V,lilliam thornton,coffee central,mocha
V,ronnie puckett,coffee shot,carajillo
V,kit carson,interact coffeehouse,guillermo
V,kathryne cherry,royal coffee,botz
V,joe jones,the village cafe,instant
V,karissa irwin,honest coffeehouse,espresso
V,renna beasley,the village cafe,columbian
V,marci diaz,sweetbrew,affogato
V,ira lambert,aroma coffee,kona
V,cathy key,aroma coffee,kona
V,frank smith,the cs457 cafe,decaffeinated
V,joe jones,coffee 101,guillermo
V,joe schneider,the coffee grinder,cubano
V,stephani wilkins,the coffee grinder,touba
V,lenita akers,the coffee grinder,breve
V,clarisa casey,the coffee lounge,bombon
V,meridith cochran,cafe latte,peruvian
V,vernice mason,waterfront,affogato
V,jim slaughter,potluck,medici
V,corey hammond,flamenco,affogato
V,chasity sims,cafe plus,botz
V,stephani wilkins,cafe culture,mocha frappuccino
V,keith whitley,spectrum cafe,columbian
V,aja donaldson,flamenco,iced
V,royce atkins,the coffee lounge,pocillo
V,joe schneider,zest,marocchino
V,theressa erickson,yummies coffee shop,decaffeinated
V,keith whitley,steaming mugs,peruvian
V,angelo knapp,parisian cafe,nicaraguan
V,cammy thomas,yummies coffee shop,bombon
V,mari mcginnis,the cs457 cafe,bombon
V,adrien britt,the jam jar,viennese
V,adrien britt,95 degrees,americano
V,krishna neely,myriad,latte
V,aisha carlson,uncle joe,affogato
V,mack blair,cafe java,columbian
V,ingrid dawson,cocobean,guatemalan
V,mack blair,spectrum cafe,breve
V,lou riley,the boardwalk,au-lait
V,rina lancaster,bean and gone,melya
V,xiao foster,bits and bites,touba
V,chasity sims,steaming mugs,shakerato
V,jinny hoskins,coffee hut,ristretto
V,kimber goodman,yo yo coffee,doppio
V,isabelle curry,yo yo coffee,mazagran
V,daryl shaffer,riverside cafe,touba
V,james woodward,the coffee lounge,americano
V,lenita akers,capital coffee,macchiato
V,theressa erickson,sweet treats,instant
V,angelo knapp,zone cafe,frappuccino
V,clarisa casey,the jam jar,guillermo
V,idell guy,uncle joe,irish
V,fred kaufman,the boardwalk,carajillo
V,cherie gallegos,steaming mugs,mocha
V,angelo knapp,zone cafe,guatemalan
V,angelo knapp,streets cafe,carajillo
V,idell guy,eastside cafe,zorro
V,amy craft,basket & green,galao
V,jon lockhart,waterfront,affogato
V,theressa erickson,interact coffeehouse,ristretto
V,charles tran,sweet treats,viennese
V,deneen kessler,the antique,affogato
V,ashleigh haynes,95 degrees,americano
V,betty hamm,cocobean,guatemalan
V,abigail manuel,coffee break cafe,nicaraguan
V,darlena madden,spoonful cafe,marocchino
V,aja donaldson,the antique,breve
V,darlena madden,uncle joe,bombon
V,lou riley,dream bean cafe,mocha
V,renna beasley,the jam jar,doppio
V,kimber goodman,coffee lab,mocha frappuccino
